date_key,full_date,day_of_week,day_name,day_of_month,week_of_year,month_num,month_name,quarter,year,is_weekend,is_holiday,fiscal_year
20230101,2023-01-01,7,Sunday,1,0,1,January,1,2023,TRUE,FALSE,2022
20230102,2023-01-02,1,Monday,2,1,1,January,1,2023,FALSE,FALSE,2022
20230103,2023-01-03,2,Tuesday,3,1,1,January,1,2023,FALSE,FALSE,2022
20230104,2023-01-04,3,Wednesday,4,1,1,January,1,2023,FALSE,FALSE,2022
20230105,2023-01-05,4,Thursday,5,1,1,January,1,2023,FALSE,FALSE,2022
20230106,2023-01-06,5,Friday,6,1,1,January,1,2023,FALSE,FALSE,2022
20230107,2023-01-07,6,Saturday,7,1,1,January,1,2023,TRUE,FALSE,2022
20230108,2023-01-08,7,Sunday,8,1,1,January,1,2023,TRUE,FALSE,2022
20230109,2023-01-09,1,Monday,9,2,1,January,1,2023,FALSE,FALSE,2022
20230110,2023-01-10,2,Tuesday,10,2,1,January,1,2023,FALSE,FALSE,2022
20230111,2023-01-11,3,Wednesday,11,2,1,January,1,2023,FALSE,FALSE,2022
20230112,2023-01-12,4,Thursday,12,2,1,January,1,2023,FALSE,FALSE,2022
20230113,2023-01-13,5,Friday,13,2,1,January,1,2023,FALSE,FALSE,2022
20230114,2023-01-14,6,Saturday,14,2,1,January,1,2023,TRUE,FALSE,2022
20230115,2023-01-15,7,Sunday,15,2,1,January,1,2023,TRUE,FALSE,2022
20230116,2023-01-16,1,Monday,16,3,1,January,1,2023,FALSE,FALSE,2022
20230117,2023-01-17,2,Tuesday,17,3,1,January,1,2023,FALSE,FALSE,2022
20230118,2023-01-18,3,Wednesday,18,3,1,January,1,2023,FALSE,FALSE,2022
20230119,2023-01-19,4,Thursday,19,3,1,January,1,2023,FALSE,FALSE,2022
20230120,2023-01-20,5,Friday,20,3,1,January,1,2023,FALSE,FALSE,2022
20230121,2023-01-21,6,Saturday,21,3,1,January,1,2023,TRUE,FALSE,2022
20230122,2023-01-22,7,Sunday,22,3,1,January,1,2023,TRUE,FALSE,2022
20230123,2023-01-23,1,Monday,23,4,1,January,1,2023,FALSE,FALSE,2022
20230124,2023-01-24,2,Tuesday,24,4,1,January,1,2023,FALSE,FALSE,2022
20230125,2023-01-25,3,Wednesday,25,4,1,January,1,2023,FALSE,FALSE,2022
20230126,2023-01-26,4,Thursday,26,4,1,January,1,2023,FALSE,FALSE,2022
20230127,2023-01-27,5,Friday,27,4,1,January,1,2023,FALSE,FALSE,2022
20230128,2023-01-28,6,Saturday,28,4,1,January,1,2023,TRUE,FALSE,2022
20230129,2023-01-29,7,Sunday,29,4,1,January,1,2023,TRUE,FALSE,2022
20230130,2023-01-30,1,Monday,30,5,1,January,1,2023,FALSE,FALSE,2022
20230131,2023-01-31,2,Tuesday,31,5,1,January,1,2023,FALSE,FALSE,2022
20230201,2023-02-01,3,Wednesday,1,5,2,February,1,2023,FALSE,FALSE,2022
20230202,2023-02-02,4,Thursday,2,5,2,February,1,2023,FALSE,FALSE,2022
20230203,2023-02-03,5,Friday,3,5,2,February,1,2023,FALSE,FALSE,2022
20230204,2023-02-04,6,Saturday,4,5,2,February,1,2023,TRUE,FALSE,2022
20230205,2023-02-05,7,Sunday,5,5,2,February,1,2023,TRUE,FALSE,2022
20230206,2023-02-06,1,Monday,6,6,2,February,1,2023,FALSE,FALSE,2022
20230207,2023-02-07,2,Tuesday,7,6,2,February,1,2023,FALSE,FALSE,2022
20230208,2023-02-08,3,Wednesday,8,6,2,February,1,2023,FALSE,FALSE,2022
20230209,2023-02-09,4,Thursday,9,6,2,February,1,2023,FALSE,FALSE,2022
20230210,2023-02-10,5,Friday,10,6,2,February,1,2023,FALSE,FALSE,2022
20230211,2023-02-11,6,Saturday,11,6,2,February,1,2023,TRUE,FALSE,2022
20230212,2023-02-12,7,Sunday,12,6,2,February,1,2023,TRUE,FALSE,2022
20230213,2023-02-13,1,Monday,13,7,2,February,1,2023,FALSE,FALSE,2022
20230214,2023-02-14,2,Tuesday,14,7,2,February,1,2023,FALSE,FALSE,2022
20230215,2023-02-15,3,Wednesday,15,7,2,February,1,2023,FALSE,FALSE,2022
20230216,2023-02-16,4,Thursday,16,7,2,February,1,2023,FALSE,FALSE,2022
20230217,2023-02-17,5,Friday,17,7,2,February,1,2023,FALSE,FALSE,2022
20230218,2023-02-18,6,Saturday,18,7,2,February,1,2023,TRUE,FALSE,2022
20230219,2023-02-19,7,Sunday,19,7,2,February,1,2023,TRUE,FALSE,2022
20230220,2023-02-20,1,Monday,20,8,2,February,1,2023,FALSE,FALSE,2022
20230221,2023-02-21,2,Tuesday,21,8,2,February,1,2023,FALSE,FALSE,2022
20230222,2023-02-22,3,Wednesday,22,8,2,February,1,2023,FALSE,FALSE,2022
20230223,2023-02-23,4,Thursday,23,8,2,February,1,2023,FALSE,FALSE,2022
20230224,2023-02-24,5,Friday,24,8,2,February,1,2023,FALSE,FALSE,2022
20230225,2023-02-25,6,Saturday,25,8,2,February,1,2023,TRUE,FALSE,2022
20230226,2023-02-26,7,Sunday,26,8,2,February,1,2023,TRUE,FALSE,2022
20230227,2023-02-27,1,Monday,27,9,2,February,1,2023,FALSE,FALSE,2022
20230228,2023-02-28,2,Tuesday,28,9,2,February,1,2023,FALSE,FALSE,2022
20230301,2023-03-01,3,Wednesday,1,9,3,March,1,2023,FALSE,FALSE,2022
20230302,2023-03-02,4,Thursday,2,9,3,March,1,2023,FALSE,FALSE,2022
20230303,2023-03-03,5,Friday,3,9,3,March,1,2023,FALSE,FALSE,2022
20230304,2023-03-04,6,Saturday,4,9,3,March,1,2023,TRUE,FALSE,2022
20230305,2023-03-05,7,Sunday,5,9,3,March,1,2023,TRUE,FALSE,2022
20230306,2023-03-06,1,Monday,6,10,3,March,1,2023,FALSE,FALSE,2022
20230307,2023-03-07,2,Tuesday,7,10,3,March,1,2023,FALSE,FALSE,2022
20230308,2023-03-08,3,Wednesday,8,10,3,March,1,2023,FALSE,FALSE,2022
20230309,2023-03-09,4,Thursday,9,10,3,March,1,2023,FALSE,FALSE,2022
20230310,2023-03-10,5,Friday,10,10,3,March,1,2023,FALSE,FALSE,2022
20230311,2023-03-11,6,Saturday,11,10,3,March,1,2023,TRUE,FALSE,2022
20230312,2023-03-12,7,Sunday,12,10,3,March,1,2023,TRUE,FALSE,2022
20230313,2023-03-13,1,Monday,13,11,3,March,1,2023,FALSE,FALSE,2022
20230314,2023-03-14,2,Tuesday,14,11,3,March,1,2023,FALSE,FALSE,2022
20230315,2023-03-15,3,Wednesday,15,11,3,March,1,2023,FALSE,FALSE,2022
20230316,2023-03-16,4,Thursday,16,11,3,March,1,2023,FALSE,FALSE,2022
20230317,2023-03-17,5,Friday,17,11,3,March,1,2023,FALSE,FALSE,2022
20230318,2023-03-18,6,Saturday,18,11,3,March,1,2023,TRUE,FALSE,2022
20230319,2023-03-19,7,Sunday,19,11,3,March,1,2023,TRUE,FALSE,2022
20230320,2023-03-20,1,Monday,20,12,3,March,1,2023,FALSE,FALSE,2022
20230321,2023-03-21,2,Tuesday,21,12,3,March,1,2023,FALSE,FALSE,2022
20230322,2023-03-22,3,Wednesday,22,12,3,March,1,2023,FALSE,FALSE,2022
20230323,2023-03-23,4,Thursday,23,12,3,March,1,2023,FALSE,FALSE,2022
20230324,2023-03-24,5,Friday,24,12,3,March,1,2023,FALSE,FALSE,2022
20230325,2023-03-25,6,Saturday,25,12,3,March,1,2023,TRUE,FALSE,2022
20230326,2023-03-26,7,Sunday,26,12,3,March,1,2023,TRUE,FALSE,2022
20230327,2023-03-27,1,Monday,27,13,3,March,1,2023,FALSE,FALSE,2022
20230328,2023-03-28,2,Tuesday,28,13,3,March,1,2023,FALSE,FALSE,2022
20230329,2023-03-29,3,Wednesday,29,13,3,March,1,2023,FALSE,FALSE,2022
20230330,2023-03-30,4,Thursday,30,13,3,March,1,2023,FALSE,FALSE,2022
20230331,2023-03-31,5,Friday,31,13,3,March,1,2023,FALSE,FALSE,2022
20230401,2023-04-01,6,Saturday,1,13,4,April,2,2023,TRUE,FALSE,2023
20230402,2023-04-02,7,Sunday,2,13,4,April,2,2023,TRUE,FALSE,2023
20230403,2023-04-03,1,Monday,3,14,4,April,2,2023,FALSE,FALSE,2023
20230404,2023-04-04,2,Tuesday,4,14,4,April,2,2023,FALSE,FALSE,2023
20230405,2023-04-05,3,Wednesday,5,14,4,April,2,2023,FALSE,FALSE,2023
20230406,2023-04-06,4,Thursday,6,14,4,April,2,2023,FALSE,FALSE,2023
20230407,2023-04-07,5,Friday,7,14,4,April,2,2023,FALSE,FALSE,2023
20230408,2023-04-08,6,Saturday,8,14,4,April,2,2023,TRUE,FALSE,2023
20230409,2023-04-09,7,Sunday,9,14,4,April,2,2023,TRUE,FALSE,2023
20230410,2023-04-10,1,Monday,10,15,4,April,2,2023,FALSE,FALSE,2023
20230411,2023-04-11,2,Tuesday,11,15,4,April,2,2023,FALSE,FALSE,2023
20230412,2023-04-12,3,Wednesday,12,15,4,April,2,2023,FALSE,FALSE,2023
20230413,2023-04-13,4,Thursday,13,15,4,April,2,2023,FALSE,FALSE,2023
20230414,2023-04-14,5,Friday,14,15,4,April,2,2023,FALSE,FALSE,2023
20230415,2023-04-15,6,Saturday,15,15,4,April,2,2023,TRUE,FALSE,2023
20230416,2023-04-16,7,Sunday,16,15,4,April,2,2023,TRUE,FALSE,2023
20230417,2023-04-17,1,Monday,17,16,4,April,2,2023,FALSE,FALSE,2023
20230418,2023-04-18,2,Tuesday,18,16,4,April,2,2023,FALSE,FALSE,2023
20230419,2023-04-19,3,Wednesday,19,16,4,April,2,2023,FALSE,FALSE,2023
20230420,2023-04-20,4,Thursday,20,16,4,April,2,2023,FALSE,FALSE,2023
20230421,2023-04-21,5,Friday,21,16,4,April,2,2023,FALSE,FALSE,2023
20230422,2023-04-22,6,Saturday,22,16,4,April,2,2023,TRUE,FALSE,2023
20230423,2023-04-23,7,Sunday,23,16,4,April,2,2023,TRUE,FALSE,2023
20230424,2023-04-24,1,Monday,24,17,4,April,2,2023,FALSE,FALSE,2023
20230425,2023-04-25,2,Tuesday,25,17,4,April,2,2023,FALSE,FALSE,2023
20230426,2023-04-26,3,Wednesday,26,17,4,April,2,2023,FALSE,FALSE,2023
20230427,2023-04-27,4,Thursday,27,17,4,April,2,2023,FALSE,FALSE,2023
20230428,2023-04-28,5,Friday,28,17,4,April,2,2023,FALSE,FALSE,2023
20230429,2023-04-29,6,Saturday,29,17,4,April,2,2023,TRUE,FALSE,2023
20230430,2023-04-30,7,Sunday,30,17,4,April,2,2023,TRUE,FALSE,2023
20230501,2023-05-01,1,Monday,1,18,5,May,2,2023,FALSE,FALSE,2023
20230502,2023-05-02,2,Tuesday,2,18,5,May,2,2023,FALSE,FALSE,2023
20230503,2023-05-03,3,Wednesday,3,18,5,May,2,2023,FALSE,FALSE,2023
20230504,2023-05-04,4,Thursday,4,18,5,May,2,2023,FALSE,FALSE,2023
20230505,2023-05-05,5,Friday,5,18,5,May,2,2023,FALSE,FALSE,2023
20230506,2023-05-06,6,Saturday,6,18,5,May,2,2023,TRUE,FALSE,2023
20230507,2023-05-07,7,Sunday,7,18,5,May,2,2023,TRUE,FALSE,2023
20230508,2023-05-08,1,Monday,8,19,5,May,2,2023,FALSE,FALSE,2023
20230509,2023-05-09,2,Tuesday,9,19,5,May,2,2023,FALSE,FALSE,2023
20230510,2023-05-10,3,Wednesday,10,19,5,May,2,2023,FALSE,FALSE,2023
20230511,2023-05-11,4,Thursday,11,19,5,May,2,2023,FALSE,FALSE,2023
20230512,2023-05-12,5,Friday,12,19,5,May,2,2023,FALSE,FALSE,2023
20230513,2023-05-13,6,Saturday,13,19,5,May,2,2023,TRUE,FALSE,2023
20230514,2023-05-14,7,Sunday,14,19,5,May,2,2023,TRUE,FALSE,2023
20230515,2023-05-15,1,Monday,15,20,5,May,2,2023,FALSE,FALSE,2023
20230516,2023-05-16,2,Tuesday,16,20,5,May,2,2023,FALSE,FALSE,2023
20230517,2023-05-17,3,Wednesday,17,20,5,May,2,2023,FALSE,FALSE,2023
20230518,2023-05-18,4,Thursday,18,20,5,May,2,2023,FALSE,FALSE,2023
20230519,2023-05-19,5,Friday,19,20,5,May,2,2023,FALSE,FALSE,2023
20230520,2023-05-20,6,Saturday,20,20,5,May,2,2023,TRUE,FALSE,2023
20230521,2023-05-21,7,Sunday,21,20,5,May,2,2023,TRUE,FALSE,2023
20230522,2023-05-22,1,Monday,22,21,5,May,2,2023,FALSE,FALSE,2023
20230523,2023-05-23,2,Tuesday,23,21,5,May,2,2023,FALSE,FALSE,2023
20230524,2023-05-24,3,Wednesday,24,21,5,May,2,2023,FALSE,FALSE,2023
20230525,2023-05-25,4,Thursday,25,21,5,May,2,2023,FALSE,FALSE,2023
20230526,2023-05-26,5,Friday,26,21,5,May,2,2023,FALSE,FALSE,2023
20230527,2023-05-27,6,Saturday,27,21,5,May,2,2023,TRUE,FALSE,2023
20230528,2023-05-28,7,Sunday,28,21,5,May,2,2023,TRUE,FALSE,2023
20230529,2023-05-29,1,Monday,29,22,5,May,2,2023,FALSE,FALSE,2023
20230530,2023-05-30,2,Tuesday,30,22,5,May,2,2023,FALSE,FALSE,2023
20230531,2023-05-31,3,Wednesday,31,22,5,May,2,2023,FALSE,FALSE,2023
20230601,2023-06-01,4,Thursday,1,22,6,June,2,2023,FALSE,FALSE,2023
20230602,2023-06-02,5,Friday,2,22,6,June,2,2023,FALSE,FALSE,2023
20230603,2023-06-03,6,Saturday,3,22,6,June,2,2023,TRUE,FALSE,2023
20230604,2023-06-04,7,Sunday,4,22,6,June,2,2023,TRUE,FALSE,2023
20230605,2023-06-05,1,Monday,5,23,6,June,2,2023,FALSE,FALSE,2023
20230606,2023-06-06,2,Tuesday,6,23,6,June,2,2023,FALSE,FALSE,2023
20230607,2023-06-07,3,Wednesday,7,23,6,June,2,2023,FALSE,FALSE,2023
20230608,2023-06-08,4,Thursday,8,23,6,June,2,2023,FALSE,FALSE,2023
20230609,2023-06-09,5,Friday,9,23,6,June,2,2023,FALSE,FALSE,2023
20230610,2023-06-10,6,Saturday,10,23,6,June,2,2023,TRUE,FALSE,2023
20230611,2023-06-11,7,Sunday,11,23,6,June,2,2023,TRUE,FALSE,2023
20230612,2023-06-12,1,Monday,12,24,6,June,2,2023,FALSE,FALSE,2023
20230613,2023-06-13,2,Tuesday,13,24,6,June,2,2023,FALSE,FALSE,2023
20230614,2023-06-14,3,Wednesday,14,24,6,June,2,2023,FALSE,FALSE,2023
20230615,2023-06-15,4,Thursday,15,24,6,June,2,2023,FALSE,FALSE,2023
20230616,2023-06-16,5,Friday,16,24,6,June,2,2023,FALSE,FALSE,2023
20230617,2023-06-17,6,Saturday,17,24,6,June,2,2023,TRUE,FALSE,2023
20230618,2023-06-18,7,Sunday,18,24,6,June,2,2023,TRUE,FALSE,2023
20230619,2023-06-19,1,Monday,19,25,6,June,2,2023,FALSE,FALSE,2023
20230620,2023-06-20,2,Tuesday,20,25,6,June,2,2023,FALSE,FALSE,2023
20230621,2023-06-21,3,Wednesday,21,25,6,June,2,2023,FALSE,FALSE,2023
20230622,2023-06-22,4,Thursday,22,25,6,June,2,2023,FALSE,FALSE,2023
20230623,2023-06-23,5,Friday,23,25,6,June,2,2023,FALSE,FALSE,2023
20230624,2023-06-24,6,Saturday,24,25,6,June,2,2023,TRUE,FALSE,2023
20230625,2023-06-25,7,Sunday,25,25,6,June,2,2023,TRUE,FALSE,2023
20230626,2023-06-26,1,Monday,26,26,6,June,2,2023,FALSE,FALSE,2023
20230627,2023-06-27,2,Tuesday,27,26,6,June,2,2023,FALSE,FALSE,2023
20230628,2023-06-28,3,Wednesday,28,26,6,June,2,2023,FALSE,FALSE,2023
20230629,2023-06-29,4,Thursday,29,26,6,June,2,2023,FALSE,FALSE,2023
20230630,2023-06-30,5,Friday,30,26,6,June,2,2023,FALSE,FALSE,2023
20230701,2023-07-01,6,Saturday,1,26,7,July,3,2023,TRUE,FALSE,2023
20230702,2023-07-02,7,Sunday,2,26,7,July,3,2023,TRUE,FALSE,2023
20230703,2023-07-03,1,Monday,3,27,7,July,3,2023,FALSE,FALSE,2023
20230704,2023-07-04,2,Tuesday,4,27,7,July,3,2023,FALSE,FALSE,2023
20230705,2023-07-05,3,Wednesday,5,27,7,July,3,2023,FALSE,FALSE,2023
20230706,2023-07-06,4,Thursday,6,27,7,July,3,2023,FALSE,FALSE,2023
20230707,2023-07-07,5,Friday,7,27,7,July,3,2023,FALSE,FALSE,2023
20230708,2023-07-08,6,Saturday,8,27,7,July,3,2023,TRUE,FALSE,2023
20230709,2023-07-09,7,Sunday,9,27,7,July,3,2023,TRUE,FALSE,2023
20230710,2023-07-10,1,Monday,10,28,7,July,3,2023,FALSE,FALSE,2023
20230711,2023-07-11,2,Tuesday,11,28,7,July,3,2023,FALSE,FALSE,2023
20230712,2023-07-12,3,Wednesday,12,28,7,July,3,2023,FALSE,FALSE,2023
20230713,2023-07-13,4,Thursday,13,28,7,July,3,2023,FALSE,FALSE,2023
20230714,2023-07-14,5,Friday,14,28,7,July,3,2023,FALSE,FALSE,2023
20230715,2023-07-15,6,Saturday,15,28,7,July,3,2023,TRUE,FALSE,2023
20230716,2023-07-16,7,Sunday,16,28,7,July,3,2023,TRUE,FALSE,2023
20230717,2023-07-17,1,Monday,17,29,7,July,3,2023,FALSE,FALSE,2023
20230718,2023-07-18,2,Tuesday,18,29,7,July,3,2023,FALSE,FALSE,2023
20230719,2023-07-19,3,Wednesday,19,29,7,July,3,2023,FALSE,FALSE,2023
20230720,2023-07-20,4,Thursday,20,29,7,July,3,2023,FALSE,FALSE,2023
20230721,2023-07-21,5,Friday,21,29,7,July,3,2023,FALSE,FALSE,2023
20230722,2023-07-22,6,Saturday,22,29,7,July,3,2023,TRUE,FALSE,2023
20230723,2023-07-23,7,Sunday,23,29,7,July,3,2023,TRUE,FALSE,2023
20230724,2023-07-24,1,Monday,24,30,7,July,3,2023,FALSE,FALSE,2023
20230725,2023-07-25,2,Tuesday,25,30,7,July,3,2023,FALSE,FALSE,2023
20230726,2023-07-26,3,Wednesday,26,30,7,July,3,2023,FALSE,FALSE,2023
20230727,2023-07-27,4,Thursday,27,30,7,July,3,2023,FALSE,FALSE,2023
20230728,2023-07-28,5,Friday,28,30,7,July,3,2023,FALSE,FALSE,2023
20230729,2023-07-29,6,Saturday,29,30,7,July,3,2023,TRUE,FALSE,2023
20230730,2023-07-30,7,Sunday,30,30,7,July,3,2023,TRUE,FALSE,2023
20230731,2023-07-31,1,Monday,31,31,7,July,3,2023,FALSE,FALSE,2023
20230801,2023-08-01,2,Tuesday,1,31,8,August,3,2023,FALSE,FALSE,2023
20230802,2023-08-02,3,Wednesday,2,31,8,August,3,2023,FALSE,FALSE,2023
20230803,2023-08-03,4,Thursday,3,31,8,August,3,2023,FALSE,FALSE,2023
20230804,2023-08-04,5,Friday,4,31,8,August,3,2023,FALSE,FALSE,2023
20230805,2023-08-05,6,Saturday,5,31,8,August,3,2023,TRUE,FALSE,2023
20230806,2023-08-06,7,Sunday,6,31,8,August,3,2023,TRUE,FALSE,2023
20230807,2023-08-07,1,Monday,7,32,8,August,3,2023,FALSE,FALSE,2023
20230808,2023-08-08,2,Tuesday,8,32,8,August,3,2023,FALSE,FALSE,2023
20230809,2023-08-09,3,Wednesday,9,32,8,August,3,2023,FALSE,FALSE,2023
20230810,2023-08-10,4,Thursday,10,32,8,August,3,2023,FALSE,FALSE,2023
20230811,2023-08-11,5,Friday,11,32,8,August,3,2023,FALSE,FALSE,2023
20230812,2023-08-12,6,Saturday,12,32,8,August,3,2023,TRUE,FALSE,2023
20230813,2023-08-13,7,Sunday,13,32,8,August,3,2023,TRUE,FALSE,2023
20230814,2023-08-14,1,Monday,14,33,8,August,3,2023,FALSE,FALSE,2023
20230815,2023-08-15,2,Tuesday,15,33,8,August,3,2023,FALSE,FALSE,2023
20230816,2023-08-16,3,Wednesday,16,33,8,August,3,2023,FALSE,FALSE,2023
20230817,2023-08-17,4,Thursday,17,33,8,August,3,2023,FALSE,FALSE,2023
20230818,2023-08-18,5,Friday,18,33,8,August,3,2023,FALSE,FALSE,2023
20230819,2023-08-19,6,Saturday,19,33,8,August,3,2023,TRUE,FALSE,2023
20230820,2023-08-20,7,Sunday,20,33,8,August,3,2023,TRUE,FALSE,2023
20230821,2023-08-21,1,Monday,21,34,8,August,3,2023,FALSE,FALSE,2023
20230822,2023-08-22,2,Tuesday,22,34,8,August,3,2023,FALSE,FALSE,2023
20230823,2023-08-23,3,Wednesday,23,34,8,August,3,2023,FALSE,FALSE,2023
20230824,2023-08-24,4,Thursday,24,34,8,August,3,2023,FALSE,FALSE,2023
20230825,2023-08-25,5,Friday,25,34,8,August,3,2023,FALSE,FALSE,2023
20230826,2023-08-26,6,Saturday,26,34,8,August,3,2023,TRUE,FALSE,2023
20230827,2023-08-27,7,Sunday,27,34,8,August,3,2023,TRUE,FALSE,2023
20230828,2023-08-28,1,Monday,28,35,8,August,3,2023,FALSE,FALSE,2023
20230829,2023-08-29,2,Tuesday,29,35,8,August,3,2023,FALSE,FALSE,2023
20230830,2023-08-30,3,Wednesday,30,35,8,August,3,2023,FALSE,FALSE,2023
20230831,2023-08-31,4,Thursday,31,35,8,August,3,2023,FALSE,FALSE,2023
20230901,2023-09-01,5,Friday,1,35,9,September,3,2023,FALSE,FALSE,2023
20230902,2023-09-02,6,Saturday,2,35,9,September,3,2023,TRUE,FALSE,2023
20230903,2023-09-03,7,Sunday,3,35,9,September,3,2023,TRUE,FALSE,2023
20230904,2023-09-04,1,Monday,4,36,9,September,3,2023,FALSE,FALSE,2023
20230905,2023-09-05,2,Tuesday,5,36,9,September,3,2023,FALSE,FALSE,2023
20230906,2023-09-06,3,Wednesday,6,36,9,September,3,2023,FALSE,FALSE,2023
20230907,2023-09-07,4,Thursday,7,36,9,September,3,2023,FALSE,FALSE,2023
20230908,2023-09-08,5,Friday,8,36,9,September,3,2023,FALSE,FALSE,2023
20230909,2023-09-09,6,Saturday,9,36,9,September,3,2023,TRUE,FALSE,2023
20230910,2023-09-10,7,Sunday,10,36,9,September,3,2023,TRUE,FALSE,2023
20230911,2023-09-11,1,Monday,11,37,9,September,3,2023,FALSE,FALSE,2023
20230912,2023-09-12,2,Tuesday,12,37,9,September,3,2023,FALSE,FALSE,2023
20230913,2023-09-13,3,Wednesday,13,37,9,September,3,2023,FALSE,FALSE,2023
20230914,2023-09-14,4,Thursday,14,37,9,September,3,2023,FALSE,FALSE,2023
20230915,2023-09-15,5,Friday,15,37,9,September,3,2023,FALSE,FALSE,2023
20230916,2023-09-16,6,Saturday,16,37,9,September,3,2023,TRUE,FALSE,2023
20230917,2023-09-17,7,Sunday,17,37,9,September,3,2023,TRUE,FALSE,2023
20230918,2023-09-18,1,Monday,18,38,9,September,3,2023,FALSE,FALSE,2023
20230919,2023-09-19,2,Tuesday,19,38,9,September,3,2023,FALSE,FALSE,2023
20230920,2023-09-20,3,Wednesday,20,38,9,September,3,2023,FALSE,FALSE,2023
20230921,2023-09-21,4,Thursday,21,38,9,September,3,2023,FALSE,FALSE,2023
20230922,2023-09-22,5,Friday,22,38,9,September,3,2023,FALSE,FALSE,2023
20230923,2023-09-23,6,Saturday,23,38,9,September,3,2023,TRUE,FALSE,2023
20230924,2023-09-24,7,Sunday,24,38,9,September,3,2023,TRUE,FALSE,2023
20230925,2023-09-25,1,Monday,25,39,9,September,3,2023,FALSE,FALSE,2023
20230926,2023-09-26,2,Tuesday,26,39,9,September,3,2023,FALSE,FALSE,2023
20230927,2023-09-27,3,Wednesday,27,39,9,September,3,2023,FALSE,FALSE,2023
20230928,2023-09-28,4,Thursday,28,39,9,September,3,2023,FALSE,FALSE,2023
20230929,2023-09-29,5,Friday,29,39,9,September,3,2023,FALSE,FALSE,2023
20230930,2023-09-30,6,Saturday,30,39,9,September,3,2023,TRUE,FALSE,2023
20231001,2023-10-01,7,Sunday,1,39,10,October,4,2023,TRUE,FALSE,2023
20231002,2023-10-02,1,Monday,2,40,10,October,4,2023,FALSE,FALSE,2023
20231003,2023-10-03,2,Tuesday,3,40,10,October,4,2023,FALSE,FALSE,2023
20231004,2023-10-04,3,Wednesday,4,40,10,October,4,2023,FALSE,FALSE,2023
20231005,2023-10-05,4,Thursday,5,40,10,October,4,2023,FALSE,FALSE,2023
20231006,2023-10-06,5,Friday,6,40,10,October,4,2023,FALSE,FALSE,2023
20231007,2023-10-07,6,Saturday,7,40,10,October,4,2023,TRUE,FALSE,2023
20231008,2023-10-08,7,Sunday,8,40,10,October,4,2023,TRUE,FALSE,2023
20231009,2023-10-09,1,Monday,9,41,10,October,4,2023,FALSE,FALSE,2023
20231010,2023-10-10,2,Tuesday,10,41,10,October,4,2023,FALSE,FALSE,2023
20231011,2023-10-11,3,Wednesday,11,41,10,October,4,2023,FALSE,FALSE,2023
20231012,2023-10-12,4,Thursday,12,41,10,October,4,2023,FALSE,FALSE,2023
20231013,2023-10-13,5,Friday,13,41,10,October,4,2023,FALSE,FALSE,2023
20231014,2023-10-14,6,Saturday,14,41,10,October,4,2023,TRUE,FALSE,2023
20231015,2023-10-15,7,Sunday,15,41,10,October,4,2023,TRUE,FALSE,2023
20231016,2023-10-16,1,Monday,16,42,10,October,4,2023,FALSE,FALSE,2023
20231017,2023-10-17,2,Tuesday,17,42,10,October,4,2023,FALSE,FALSE,2023
20231018,2023-10-18,3,Wednesday,18,42,10,October,4,2023,FALSE,FALSE,2023
20231019,2023-10-19,4,Thursday,19,42,10,October,4,2023,FALSE,FALSE,2023
20231020,2023-10-20,5,Friday,20,42,10,October,4,2023,FALSE,FALSE,2023
20231021,2023-10-21,6,Saturday,21,42,10,October,4,2023,TRUE,FALSE,2023
20231022,2023-10-22,7,Sunday,22,42,10,October,4,2023,TRUE,FALSE,2023
20231023,2023-10-23,1,Monday,23,43,10,October,4,2023,FALSE,FALSE,2023
20231024,2023-10-24,2,Tuesday,24,43,10,October,4,2023,FALSE,FALSE,2023
20231025,2023-10-25,3,Wednesday,25,43,10,October,4,2023,FALSE,FALSE,2023
20231026,2023-10-26,4,Thursday,26,43,10,October,4,2023,FALSE,FALSE,2023
20231027,2023-10-27,5,Friday,27,43,10,October,4,2023,FALSE,FALSE,2023
20231028,2023-10-28,6,Saturday,28,43,10,October,4,2023,TRUE,FALSE,2023
20231029,2023-10-29,7,Sunday,29,43,10,October,4,2023,TRUE,FALSE,2023
20231030,2023-10-30,1,Monday,30,44,10,October,4,2023,FALSE,FALSE,2023
20231031,2023-10-31,2,Tuesday,31,44,10,October,4,2023,FALSE,FALSE,2023
20231101,2023-11-01,3,Wednesday,1,44,11,November,4,2023,FALSE,FALSE,2023
20231102,2023-11-02,4,Thursday,2,44,11,November,4,2023,FALSE,FALSE,2023
20231103,2023-11-03,5,Friday,3,44,11,November,4,2023,FALSE,FALSE,2023
20231104,2023-11-04,6,Saturday,4,44,11,November,4,2023,TRUE,FALSE,2023
20231105,2023-11-05,7,Sunday,5,44,11,November,4,2023,TRUE,FALSE,2023
20231106,2023-11-06,1,Monday,6,45,11,November,4,2023,FALSE,FALSE,2023
20231107,2023-11-07,2,Tuesday,7,45,11,November,4,2023,FALSE,FALSE,2023
20231108,2023-11-08,3,Wednesday,8,45,11,November,4,2023,FALSE,FALSE,2023
20231109,2023-11-09,4,Thursday,9,45,11,November,4,2023,FALSE,FALSE,2023
20231110,2023-11-10,5,Friday,10,45,11,November,4,2023,FALSE,FALSE,2023
20231111,2023-11-11,6,Saturday,11,45,11,November,4,2023,TRUE,FALSE,2023
20231112,2023-11-12,7,Sunday,12,45,11,November,4,2023,TRUE,FALSE,2023
20231113,2023-11-13,1,Monday,13,46,11,November,4,2023,FALSE,FALSE,2023
20231114,2023-11-14,2,Tuesday,14,46,11,November,4,2023,FALSE,FALSE,2023
20231115,2023-11-15,3,Wednesday,15,46,11,November,4,2023,FALSE,FALSE,2023
20231116,2023-11-16,4,Thursday,16,46,11,November,4,2023,FALSE,FALSE,2023
20231117,2023-11-17,5,Friday,17,46,11,November,4,2023,FALSE,FALSE,2023
20231118,2023-11-18,6,Saturday,18,46,11,November,4,2023,TRUE,FALSE,2023
20231119,2023-11-19,7,Sunday,19,46,11,November,4,2023,TRUE,FALSE,2023
20231120,2023-11-20,1,Monday,20,47,11,November,4,2023,FALSE,FALSE,2023
20231121,2023-11-21,2,Tuesday,21,47,11,November,4,2023,FALSE,FALSE,2023
20231122,2023-11-22,3,Wednesday,22,47,11,November,4,2023,FALSE,FALSE,2023
20231123,2023-11-23,4,Thursday,23,47,11,November,4,2023,FALSE,FALSE,2023
20231124,2023-11-24,5,Friday,24,47,11,November,4,2023,FALSE,FALSE,2023
20231125,2023-11-25,6,Saturday,25,47,11,November,4,2023,TRUE,FALSE,2023
20231126,2023-11-26,7,Sunday,26,47,11,November,4,2023,TRUE,FALSE,2023
20231127,2023-11-27,1,Monday,27,48,11,November,4,2023,FALSE,FALSE,2023
20231128,2023-11-28,2,Tuesday,28,48,11,November,4,2023,FALSE,FALSE,2023
20231129,2023-11-29,3,Wednesday,29,48,11,November,4,2023,FALSE,FALSE,2023
20231130,2023-11-30,4,Thursday,30,48,11,November,4,2023,FALSE,FALSE,2023
20231201,2023-12-01,5,Friday,1,48,12,December,4,2023,FALSE,FALSE,2023
20231202,2023-12-02,6,Saturday,2,48,12,December,4,2023,TRUE,FALSE,2023
20231203,2023-12-03,7,Sunday,3,48,12,December,4,2023,TRUE,FALSE,2023
20231204,2023-12-04,1,Monday,4,49,12,December,4,2023,FALSE,FALSE,2023
20231205,2023-12-05,2,Tuesday,5,49,12,December,4,2023,FALSE,FALSE,2023
20231206,2023-12-06,3,Wednesday,6,49,12,December,4,2023,FALSE,FALSE,2023
20231207,2023-12-07,4,Thursday,7,49,12,December,4,2023,FALSE,FALSE,2023
20231208,2023-12-08,5,Friday,8,49,12,December,4,2023,FALSE,FALSE,2023
20231209,2023-12-09,6,Saturday,9,49,12,December,4,2023,TRUE,FALSE,2023
20231210,2023-12-10,7,Sunday,10,49,12,December,4,2023,TRUE,FALSE,2023
20231211,2023-12-11,1,Monday,11,50,12,December,4,2023,FALSE,FALSE,2023
20231212,2023-12-12,2,Tuesday,12,50,12,December,4,2023,FALSE,FALSE,2023
20231213,2023-12-13,3,Wednesday,13,50,12,December,4,2023,FALSE,FALSE,2023
20231214,2023-12-14,4,Thursday,14,50,12,December,4,2023,FALSE,FALSE,2023
20231215,2023-12-15,5,Friday,15,50,12,December,4,2023,FALSE,FALSE,2023
20231216,2023-12-16,6,Saturday,16,50,12,December,4,2023,TRUE,FALSE,2023
20231217,2023-12-17,7,Sunday,17,50,12,December,4,2023,TRUE,FALSE,2023
20231218,2023-12-18,1,Monday,18,51,12,December,4,2023,FALSE,FALSE,2023
20231219,2023-12-19,2,Tuesday,19,51,12,December,4,2023,FALSE,FALSE,2023
20231220,2023-12-20,3,Wednesday,20,51,12,December,4,2023,FALSE,FALSE,2023
20231221,2023-12-21,4,Thursday,21,51,12,December,4,2023,FALSE,FALSE,2023
20231222,2023-12-22,5,Friday,22,51,12,December,4,2023,FALSE,FALSE,2023
20231223,2023-12-23,6,Saturday,23,51,12,December,4,2023,TRUE,FALSE,2023
20231224,2023-12-24,7,Sunday,24,51,12,December,4,2023,TRUE,FALSE,2023
20231225,2023-12-25,1,Monday,25,52,12,December,4,2023,FALSE,FALSE,2023
20231226,2023-12-26,2,Tuesday,26,52,12,December,4,2023,FALSE,FALSE,2023
20231227,2023-12-27,3,Wednesday,27,52,12,December,4,2023,FALSE,FALSE,2023
20231228,2023-12-28,4,Thursday,28,52,12,December,4,2023,FALSE,FALSE,2023
20231229,2023-12-29,5,Friday,29,52,12,December,4,2023,FALSE,FALSE,2023
20231230,2023-12-30,6,Saturday,30,52,12,December,4,2023,TRUE,FALSE,2023
20231231,2023-12-31,7,Sunday,31,52,12,December,4,2023,TRUE,FALSE,2023
20240101,2024-01-01,1,Monday,1,1,1,January,1,2024,FALSE,FALSE,2023
20240102,2024-01-02,2,Tuesday,2,1,1,January,1,2024,FALSE,FALSE,2023
20240103,2024-01-03,3,Wednesday,3,1,1,January,1,2024,FALSE,FALSE,2023
20240104,2024-01-04,4,Thursday,4,1,1,January,1,2024,FALSE,FALSE,2023
20240105,2024-01-05,5,Friday,5,1,1,January,1,2024,FALSE,FALSE,2023
20240106,2024-01-06,6,Saturday,6,1,1,January,1,2024,TRUE,FALSE,2023
20240107,2024-01-07,7,Sunday,7,1,1,January,1,2024,TRUE,FALSE,2023
20240108,2024-01-08,1,Monday,8,2,1,January,1,2024,FALSE,FALSE,2023
20240109,2024-01-09,2,Tuesday,9,2,1,January,1,2024,FALSE,FALSE,2023
20240110,2024-01-10,3,Wednesday,10,2,1,January,1,2024,FALSE,FALSE,2023
20240111,2024-01-11,4,Thursday,11,2,1,January,1,2024,FALSE,FALSE,2023
20240112,2024-01-12,5,Friday,12,2,1,January,1,2024,FALSE,FALSE,2023
20240113,2024-01-13,6,Saturday,13,2,1,January,1,2024,TRUE,FALSE,2023
20240114,2024-01-14,7,Sunday,14,2,1,January,1,2024,TRUE,FALSE,2023
20240115,2024-01-15,1,Monday,15,3,1,January,1,2024,FALSE,FALSE,2023
20240116,2024-01-16,2,Tuesday,16,3,1,January,1,2024,FALSE,FALSE,2023
20240117,2024-01-17,3,Wednesday,17,3,1,January,1,2024,FALSE,FALSE,2023
20240118,2024-01-18,4,Thursday,18,3,1,January,1,2024,FALSE,FALSE,2023
20240119,2024-01-19,5,Friday,19,3,1,January,1,2024,FALSE,FALSE,2023
20240120,2024-01-20,6,Saturday,20,3,1,January,1,2024,TRUE,FALSE,2023
20240121,2024-01-21,7,Sunday,21,3,1,January,1,2024,TRUE,FALSE,2023
20240122,2024-01-22,1,Monday,22,4,1,January,1,2024,FALSE,FALSE,2023
20240123,2024-01-23,2,Tuesday,23,4,1,January,1,2024,FALSE,FALSE,2023
20240124,2024-01-24,3,Wednesday,24,4,1,January,1,2024,FALSE,FALSE,2023
20240125,2024-01-25,4,Thursday,25,4,1,January,1,2024,FALSE,FALSE,2023
20240126,2024-01-26,5,Friday,26,4,1,January,1,2024,FALSE,FALSE,2023
20240127,2024-01-27,6,Saturday,27,4,1,January,1,2024,TRUE,FALSE,2023
20240128,2024-01-28,7,Sunday,28,4,1,January,1,2024,TRUE,FALSE,2023
20240129,2024-01-29,1,Monday,29,5,1,January,1,2024,FALSE,FALSE,2023
20240130,2024-01-30,2,Tuesday,30,5,1,January,1,2024,FALSE,FALSE,2023
20240131,2024-01-31,3,Wednesday,31,5,1,January,1,2024,FALSE,FALSE,2023
20240201,2024-02-01,4,Thursday,1,5,2,February,1,2024,FALSE,FALSE,2023
20240202,2024-02-02,5,Friday,2,5,2,February,1,2024,FALSE,FALSE,2023
20240203,2024-02-03,6,Saturday,3,5,2,February,1,2024,TRUE,FALSE,2023
20240204,2024-02-04,7,Sunday,4,5,2,February,1,2024,TRUE,FALSE,2023
20240205,2024-02-05,1,Monday,5,6,2,February,1,2024,FALSE,FALSE,2023
20240206,2024-02-06,2,Tuesday,6,6,2,February,1,2024,FALSE,FALSE,2023
20240207,2024-02-07,3,Wednesday,7,6,2,February,1,2024,FALSE,FALSE,2023
20240208,2024-02-08,4,Thursday,8,6,2,February,1,2024,FALSE,FALSE,2023
20240209,2024-02-09,5,Friday,9,6,2,February,1,2024,FALSE,FALSE,2023
20240210,2024-02-10,6,Saturday,10,6,2,February,1,2024,TRUE,FALSE,2023
20240211,2024-02-11,7,Sunday,11,6,2,February,1,2024,TRUE,FALSE,2023
20240212,2024-02-12,1,Monday,12,7,2,February,1,2024,FALSE,FALSE,2023
20240213,2024-02-13,2,Tuesday,13,7,2,February,1,2024,FALSE,FALSE,2023
20240214,2024-02-14,3,Wednesday,14,7,2,February,1,2024,FALSE,FALSE,2023
20240215,2024-02-15,4,Thursday,15,7,2,February,1,2024,FALSE,FALSE,2023
20240216,2024-02-16,5,Friday,16,7,2,February,1,2024,FALSE,FALSE,2023
20240217,2024-02-17,6,Saturday,17,7,2,February,1,2024,TRUE,FALSE,2023
20240218,2024-02-18,7,Sunday,18,7,2,February,1,2024,TRUE,FALSE,2023
20240219,2024-02-19,1,Monday,19,8,2,February,1,2024,FALSE,FALSE,2023
20240220,2024-02-20,2,Tuesday,20,8,2,February,1,2024,FALSE,FALSE,2023
20240221,2024-02-21,3,Wednesday,21,8,2,February,1,2024,FALSE,FALSE,2023
20240222,2024-02-22,4,Thursday,22,8,2,February,1,2024,FALSE,FALSE,2023
20240223,2024-02-23,5,Friday,23,8,2,February,1,2024,FALSE,FALSE,2023
20240224,2024-02-24,6,Saturday,24,8,2,February,1,2024,TRUE,FALSE,2023
20240225,2024-02-25,7,Sunday,25,8,2,February,1,2024,TRUE,FALSE,2023
20240226,2024-02-26,1,Monday,26,9,2,February,1,2024,FALSE,FALSE,2023
20240227,2024-02-27,2,Tuesday,27,9,2,February,1,2024,FALSE,FALSE,2023
20240228,2024-02-28,3,Wednesday,28,9,2,February,1,2024,FALSE,FALSE,2023
20240229,2024-02-29,4,Thursday,29,9,2,February,1,2024,FALSE,FALSE,2023
20240301,2024-03-01,5,Friday,1,9,3,March,1,2024,FALSE,FALSE,2023
20240302,2024-03-02,6,Saturday,2,9,3,March,1,2024,TRUE,FALSE,2023
20240303,2024-03-03,7,Sunday,3,9,3,March,1,2024,TRUE,FALSE,2023
20240304,2024-03-04,1,Monday,4,10,3,March,1,2024,FALSE,FALSE,2023
20240305,2024-03-05,2,Tuesday,5,10,3,March,1,2024,FALSE,FALSE,2023
20240306,2024-03-06,3,Wednesday,6,10,3,March,1,2024,FALSE,FALSE,2023
20240307,2024-03-07,4,Thursday,7,10,3,March,1,2024,FALSE,FALSE,2023
20240308,2024-03-08,5,Friday,8,10,3,March,1,2024,FALSE,FALSE,2023
20240309,2024-03-09,6,Saturday,9,10,3,March,1,2024,TRUE,FALSE,2023
20240310,2024-03-10,7,Sunday,10,10,3,March,1,2024,TRUE,FALSE,2023
20240311,2024-03-11,1,Monday,11,11,3,March,1,2024,FALSE,FALSE,2023
20240312,2024-03-12,2,Tuesday,12,11,3,March,1,2024,FALSE,FALSE,2023
20240313,2024-03-13,3,Wednesday,13,11,3,March,1,2024,FALSE,FALSE,2023
20240314,2024-03-14,4,Thursday,14,11,3,March,1,2024,FALSE,FALSE,2023
20240315,2024-03-15,5,Friday,15,11,3,March,1,2024,FALSE,FALSE,2023
20240316,2024-03-16,6,Saturday,16,11,3,March,1,2024,TRUE,FALSE,2023
20240317,2024-03-17,7,Sunday,17,11,3,March,1,2024,TRUE,FALSE,2023
20240318,2024-03-18,1,Monday,18,12,3,March,1,2024,FALSE,FALSE,2023
20240319,2024-03-19,2,Tuesday,19,12,3,March,1,2024,FALSE,FALSE,2023
20240320,2024-03-20,3,Wednesday,20,12,3,March,1,2024,FALSE,FALSE,2023
20240321,2024-03-21,4,Thursday,21,12,3,March,1,2024,FALSE,FALSE,2023
20240322,2024-03-22,5,Friday,22,12,3,March,1,2024,FALSE,FALSE,2023
20240323,2024-03-23,6,Saturday,23,12,3,March,1,2024,TRUE,FALSE,2023
20240324,2024-03-24,7,Sunday,24,12,3,March,1,2024,TRUE,FALSE,2023
20240325,2024-03-25,1,Monday,25,13,3,March,1,2024,FALSE,FALSE,2023
20240326,2024-03-26,2,Tuesday,26,13,3,March,1,2024,FALSE,FALSE,2023
20240327,2024-03-27,3,Wednesday,27,13,3,March,1,2024,FALSE,FALSE,2023
20240328,2024-03-28,4,Thursday,28,13,3,March,1,2024,FALSE,FALSE,2023
20240329,2024-03-29,5,Friday,29,13,3,March,1,2024,FALSE,FALSE,2023
20240330,2024-03-30,6,Saturday,30,13,3,March,1,2024,TRUE,FALSE,2023
20240331,2024-03-31,7,Sunday,31,13,3,March,1,2024,TRUE,FALSE,2023
20240401,2024-04-01,1,Monday,1,14,4,April,2,2024,FALSE,FALSE,2024
20240402,2024-04-02,2,Tuesday,2,14,4,April,2,2024,FALSE,FALSE,2024
20240403,2024-04-03,3,Wednesday,3,14,4,April,2,2024,FALSE,FALSE,2024
20240404,2024-04-04,4,Thursday,4,14,4,April,2,2024,FALSE,FALSE,2024
20240405,2024-04-05,5,Friday,5,14,4,April,2,2024,FALSE,FALSE,2024
20240406,2024-04-06,6,Saturday,6,14,4,April,2,2024,TRUE,FALSE,2024
20240407,2024-04-07,7,Sunday,7,14,4,April,2,2024,TRUE,FALSE,2024
20240408,2024-04-08,1,Monday,8,15,4,April,2,2024,FALSE,FALSE,2024
20240409,2024-04-09,2,Tuesday,9,15,4,April,2,2024,FALSE,FALSE,2024
20240410,2024-04-10,3,Wednesday,10,15,4,April,2,2024,FALSE,FALSE,2024
20240411,2024-04-11,4,Thursday,11,15,4,April,2,2024,FALSE,FALSE,2024
20240412,2024-04-12,5,Friday,12,15,4,April,2,2024,FALSE,FALSE,2024
20240413,2024-04-13,6,Saturday,13,15,4,April,2,2024,TRUE,FALSE,2024
20240414,2024-04-14,7,Sunday,14,15,4,April,2,2024,TRUE,FALSE,2024
20240415,2024-04-15,1,Monday,15,16,4,April,2,2024,FALSE,FALSE,2024
20240416,2024-04-16,2,Tuesday,16,16,4,April,2,2024,FALSE,FALSE,2024
20240417,2024-04-17,3,Wednesday,17,16,4,April,2,2024,FALSE,FALSE,2024
20240418,2024-04-18,4,Thursday,18,16,4,April,2,2024,FALSE,FALSE,2024
20240419,2024-04-19,5,Friday,19,16,4,April,2,2024,FALSE,FALSE,2024
20240420,2024-04-20,6,Saturday,20,16,4,April,2,2024,TRUE,FALSE,2024
20240421,2024-04-21,7,Sunday,21,16,4,April,2,2024,TRUE,FALSE,2024
20240422,2024-04-22,1,Monday,22,17,4,April,2,2024,FALSE,FALSE,2024
20240423,2024-04-23,2,Tuesday,23,17,4,April,2,2024,FALSE,FALSE,2024
20240424,2024-04-24,3,Wednesday,24,17,4,April,2,2024,FALSE,FALSE,2024
20240425,2024-04-25,4,Thursday,25,17,4,April,2,2024,FALSE,FALSE,2024
20240426,2024-04-26,5,Friday,26,17,4,April,2,2024,FALSE,FALSE,2024
20240427,2024-04-27,6,Saturday,27,17,4,April,2,2024,TRUE,FALSE,2024
20240428,2024-04-28,7,Sunday,28,17,4,April,2,2024,TRUE,FALSE,2024
20240429,2024-04-29,1,Monday,29,18,4,April,2,2024,FALSE,FALSE,2024
20240430,2024-04-30,2,Tuesday,30,18,4,April,2,2024,FALSE,FALSE,2024
20240501,2024-05-01,3,Wednesday,1,18,5,May,2,2024,FALSE,FALSE,2024
20240502,2024-05-02,4,Thursday,2,18,5,May,2,2024,FALSE,FALSE,2024
20240503,2024-05-03,5,Friday,3,18,5,May,2,2024,FALSE,FALSE,2024
20240504,2024-05-04,6,Saturday,4,18,5,May,2,2024,TRUE,FALSE,2024
20240505,2024-05-05,7,Sunday,5,18,5,May,2,2024,TRUE,FALSE,2024
20240506,2024-05-06,1,Monday,6,19,5,May,2,2024,FALSE,FALSE,2024
20240507,2024-05-07,2,Tuesday,7,19,5,May,2,2024,FALSE,FALSE,2024
20240508,2024-05-08,3,Wednesday,8,19,5,May,2,2024,FALSE,FALSE,2024
20240509,2024-05-09,4,Thursday,9,19,5,May,2,2024,FALSE,FALSE,2024
20240510,2024-05-10,5,Friday,10,19,5,May,2,2024,FALSE,FALSE,2024
20240511,2024-05-11,6,Saturday,11,19,5,May,2,2024,TRUE,FALSE,2024
20240512,2024-05-12,7,Sunday,12,19,5,May,2,2024,TRUE,FALSE,2024
20240513,2024-05-13,1,Monday,13,20,5,May,2,2024,FALSE,FALSE,2024
20240514,2024-05-14,2,Tuesday,14,20,5,May,2,2024,FALSE,FALSE,2024
20240515,2024-05-15,3,Wednesday,15,20,5,May,2,2024,FALSE,FALSE,2024
20240516,2024-05-16,4,Thursday,16,20,5,May,2,2024,FALSE,FALSE,2024
20240517,2024-05-17,5,Friday,17,20,5,May,2,2024,FALSE,FALSE,2024
20240518,2024-05-18,6,Saturday,18,20,5,May,2,2024,TRUE,FALSE,2024
20240519,2024-05-19,7,Sunday,19,20,5,May,2,2024,TRUE,FALSE,2024
20240520,2024-05-20,1,Monday,20,21,5,May,2,2024,FALSE,FALSE,2024
20240521,2024-05-21,2,Tuesday,21,21,5,May,2,2024,FALSE,FALSE,2024
20240522,2024-05-22,3,Wednesday,22,21,5,May,2,2024,FALSE,FALSE,2024
20240523,2024-05-23,4,Thursday,23,21,5,May,2,2024,FALSE,FALSE,2024
20240524,2024-05-24,5,Friday,24,21,5,May,2,2024,FALSE,FALSE,2024
20240525,2024-05-25,6,Saturday,25,21,5,May,2,2024,TRUE,FALSE,2024
20240526,2024-05-26,7,Sunday,26,21,5,May,2,2024,TRUE,FALSE,2024
20240527,2024-05-27,1,Monday,27,22,5,May,2,2024,FALSE,FALSE,2024
20240528,2024-05-28,2,Tuesday,28,22,5,May,2,2024,FALSE,FALSE,2024
20240529,2024-05-29,3,Wednesday,29,22,5,May,2,2024,FALSE,FALSE,2024
20240530,2024-05-30,4,Thursday,30,22,5,May,2,2024,FALSE,FALSE,2024
20240531,2024-05-31,5,Friday,31,22,5,May,2,2024,FALSE,FALSE,2024
20240601,2024-06-01,6,Saturday,1,22,6,June,2,2024,TRUE,FALSE,2024
20240602,2024-06-02,7,Sunday,2,22,6,June,2,2024,TRUE,FALSE,2024
20240603,2024-06-03,1,Monday,3,23,6,June,2,2024,FALSE,FALSE,2024
20240604,2024-06-04,2,Tuesday,4,23,6,June,2,2024,FALSE,FALSE,2024
20240605,2024-06-05,3,Wednesday,5,23,6,June,2,2024,FALSE,FALSE,2024
20240606,2024-06-06,4,Thursday,6,23,6,June,2,2024,FALSE,FALSE,2024
20240607,2024-06-07,5,Friday,7,23,6,June,2,2024,FALSE,FALSE,2024
20240608,2024-06-08,6,Saturday,8,23,6,June,2,2024,TRUE,FALSE,2024
20240609,2024-06-09,7,Sunday,9,23,6,June,2,2024,TRUE,FALSE,2024
20240610,2024-06-10,1,Monday,10,24,6,June,2,2024,FALSE,FALSE,2024
20240611,2024-06-11,2,Tuesday,11,24,6,June,2,2024,FALSE,FALSE,2024
20240612,2024-06-12,3,Wednesday,12,24,6,June,2,2024,FALSE,FALSE,2024
20240613,2024-06-13,4,Thursday,13,24,6,June,2,2024,FALSE,FALSE,2024
20240614,2024-06-14,5,Friday,14,24,6,June,2,2024,FALSE,FALSE,2024
20240615,2024-06-15,6,Saturday,15,24,6,June,2,2024,TRUE,FALSE,2024
20240616,2024-06-16,7,Sunday,16,24,6,June,2,2024,TRUE,FALSE,2024
20240617,2024-06-17,1,Monday,17,25,6,June,2,2024,FALSE,FALSE,2024
20240618,2024-06-18,2,Tuesday,18,25,6,June,2,2024,FALSE,FALSE,2024
20240619,2024-06-19,3,Wednesday,19,25,6,June,2,2024,FALSE,FALSE,2024
20240620,2024-06-20,4,Thursday,20,25,6,June,2,2024,FALSE,FALSE,2024
20240621,2024-06-21,5,Friday,21,25,6,June,2,2024,FALSE,FALSE,2024
20240622,2024-06-22,6,Saturday,22,25,6,June,2,2024,TRUE,FALSE,2024
20240623,2024-06-23,7,Sunday,23,25,6,June,2,2024,TRUE,FALSE,2024
20240624,2024-06-24,1,Monday,24,26,6,June,2,2024,FALSE,FALSE,2024
20240625,2024-06-25,2,Tuesday,25,26,6,June,2,2024,FALSE,FALSE,2024
20240626,2024-06-26,3,Wednesday,26,26,6,June,2,2024,FALSE,FALSE,2024
20240627,2024-06-27,4,Thursday,27,26,6,June,2,2024,FALSE,FALSE,2024
20240628,2024-06-28,5,Friday,28,26,6,June,2,2024,FALSE,FALSE,2024
20240629,2024-06-29,6,Saturday,29,26,6,June,2,2024,TRUE,FALSE,2024
20240630,2024-06-30,7,Sunday,30,26,6,June,2,2024,TRUE,FALSE,2024
20240701,2024-07-01,1,Monday,1,27,7,July,3,2024,FALSE,FALSE,2024
20240702,2024-07-02,2,Tuesday,2,27,7,July,3,2024,FALSE,FALSE,2024
20240703,2024-07-03,3,Wednesday,3,27,7,July,3,2024,FALSE,FALSE,2024
20240704,2024-07-04,4,Thursday,4,27,7,July,3,2024,FALSE,FALSE,2024
20240705,2024-07-05,5,Friday,5,27,7,July,3,2024,FALSE,FALSE,2024
20240706,2024-07-06,6,Saturday,6,27,7,July,3,2024,TRUE,FALSE,2024
20240707,2024-07-07,7,Sunday,7,27,7,July,3,2024,TRUE,FALSE,2024
20240708,2024-07-08,1,Monday,8,28,7,July,3,2024,FALSE,FALSE,2024
20240709,2024-07-09,2,Tuesday,9,28,7,July,3,2024,FALSE,FALSE,2024
20240710,2024-07-10,3,Wednesday,10,28,7,July,3,2024,FALSE,FALSE,2024
20240711,2024-07-11,4,Thursday,11,28,7,July,3,2024,FALSE,FALSE,2024
20240712,2024-07-12,5,Friday,12,28,7,July,3,2024,FALSE,FALSE,2024
20240713,2024-07-13,6,Saturday,13,28,7,July,3,2024,TRUE,FALSE,2024
20240714,2024-07-14,7,Sunday,14,28,7,July,3,2024,TRUE,FALSE,2024
20240715,2024-07-15,1,Monday,15,29,7,July,3,2024,FALSE,FALSE,2024
20240716,2024-07-16,2,Tuesday,16,29,7,July,3,2024,FALSE,FALSE,2024
20240717,2024-07-17,3,Wednesday,17,29,7,July,3,2024,FALSE,FALSE,2024
20240718,2024-07-18,4,Thursday,18,29,7,July,3,2024,FALSE,FALSE,2024
20240719,2024-07-19,5,Friday,19,29,7,July,3,2024,FALSE,FALSE,2024
20240720,2024-07-20,6,Saturday,20,29,7,July,3,2024,TRUE,FALSE,2024
20240721,2024-07-21,7,Sunday,21,29,7,July,3,2024,TRUE,FALSE,2024
20240722,2024-07-22,1,Monday,22,30,7,July,3,2024,FALSE,FALSE,2024
20240723,2024-07-23,2,Tuesday,23,30,7,July,3,2024,FALSE,FALSE,2024
20240724,2024-07-24,3,Wednesday,24,30,7,July,3,2024,FALSE,FALSE,2024
20240725,2024-07-25,4,Thursday,25,30,7,July,3,2024,FALSE,FALSE,2024
20240726,2024-07-26,5,Friday,26,30,7,July,3,2024,FALSE,FALSE,2024
20240727,2024-07-27,6,Saturday,27,30,7,July,3,2024,TRUE,FALSE,2024
20240728,2024-07-28,7,Sunday,28,30,7,July,3,2024,TRUE,FALSE,2024
20240729,2024-07-29,1,Monday,29,31,7,July,3,2024,FALSE,FALSE,2024
20240730,2024-07-30,2,Tuesday,30,31,7,July,3,2024,FALSE,FALSE,2024
20240731,2024-07-31,3,Wednesday,31,31,7,July,3,2024,FALSE,FALSE,2024
20240801,2024-08-01,4,Thursday,1,31,8,August,3,2024,FALSE,FALSE,2024
20240802,2024-08-02,5,Friday,2,31,8,August,3,2024,FALSE,FALSE,2024
20240803,2024-08-03,6,Saturday,3,31,8,August,3,2024,TRUE,FALSE,2024
20240804,2024-08-04,7,Sunday,4,31,8,August,3,2024,TRUE,FALSE,2024
20240805,2024-08-05,1,Monday,5,32,8,August,3,2024,FALSE,FALSE,2024
20240806,2024-08-06,2,Tuesday,6,32,8,August,3,2024,FALSE,FALSE,2024
20240807,2024-08-07,3,Wednesday,7,32,8,August,3,2024,FALSE,FALSE,2024
20240808,2024-08-08,4,Thursday,8,32,8,August,3,2024,FALSE,FALSE,2024
20240809,2024-08-09,5,Friday,9,32,8,August,3,2024,FALSE,FALSE,2024
20240810,2024-08-10,6,Saturday,10,32,8,August,3,2024,TRUE,FALSE,2024
20240811,2024-08-11,7,Sunday,11,32,8,August,3,2024,TRUE,FALSE,2024
20240812,2024-08-12,1,Monday,12,33,8,August,3,2024,FALSE,FALSE,2024
20240813,2024-08-13,2,Tuesday,13,33,8,August,3,2024,FALSE,FALSE,2024
20240814,2024-08-14,3,Wednesday,14,33,8,August,3,2024,FALSE,FALSE,2024
20240815,2024-08-15,4,Thursday,15,33,8,August,3,2024,FALSE,FALSE,2024
20240816,2024-08-16,5,Friday,16,33,8,August,3,2024,FALSE,FALSE,2024
20240817,2024-08-17,6,Saturday,17,33,8,August,3,2024,TRUE,FALSE,2024
20240818,2024-08-18,7,Sunday,18,33,8,August,3,2024,TRUE,FALSE,2024
20240819,2024-08-19,1,Monday,19,34,8,August,3,2024,FALSE,FALSE,2024
20240820,2024-08-20,2,Tuesday,20,34,8,August,3,2024,FALSE,FALSE,2024
20240821,2024-08-21,3,Wednesday,21,34,8,August,3,2024,FALSE,FALSE,2024
20240822,2024-08-22,4,Thursday,22,34,8,August,3,2024,FALSE,FALSE,2024
20240823,2024-08-23,5,Friday,23,34,8,August,3,2024,FALSE,FALSE,2024
20240824,2024-08-24,6,Saturday,24,34,8,August,3,2024,TRUE,FALSE,2024
20240825,2024-08-25,7,Sunday,25,34,8,August,3,2024,TRUE,FALSE,2024
20240826,2024-08-26,1,Monday,26,35,8,August,3,2024,FALSE,FALSE,2024
20240827,2024-08-27,2,Tuesday,27,35,8,August,3,2024,FALSE,FALSE,2024
20240828,2024-08-28,3,Wednesday,28,35,8,August,3,2024,FALSE,FALSE,2024
20240829,2024-08-29,4,Thursday,29,35,8,August,3,2024,FALSE,FALSE,2024
20240830,2024-08-30,5,Friday,30,35,8,August,3,2024,FALSE,FALSE,2024
20240831,2024-08-31,6,Saturday,31,35,8,August,3,2024,TRUE,FALSE,2024
20240901,2024-09-01,7,Sunday,1,35,9,September,3,2024,TRUE,FALSE,2024
20240902,2024-09-02,1,Monday,2,36,9,September,3,2024,FALSE,FALSE,2024
20240903,2024-09-03,2,Tuesday,3,36,9,September,3,2024,FALSE,FALSE,2024
20240904,2024-09-04,3,Wednesday,4,36,9,September,3,2024,FALSE,FALSE,2024
20240905,2024-09-05,4,Thursday,5,36,9,September,3,2024,FALSE,FALSE,2024
20240906,2024-09-06,5,Friday,6,36,9,September,3,2024,FALSE,FALSE,2024
20240907,2024-09-07,6,Saturday,7,36,9,September,3,2024,TRUE,FALSE,2024
20240908,2024-09-08,7,Sunday,8,36,9,September,3,2024,TRUE,FALSE,2024
20240909,2024-09-09,1,Monday,9,37,9,September,3,2024,FALSE,FALSE,2024
20240910,2024-09-10,2,Tuesday,10,37,9,September,3,2024,FALSE,FALSE,2024
20240911,2024-09-11,3,Wednesday,11,37,9,September,3,2024,FALSE,FALSE,2024
20240912,2024-09-12,4,Thursday,12,37,9,September,3,2024,FALSE,FALSE,2024
20240913,2024-09-13,5,Friday,13,37,9,September,3,2024,FALSE,FALSE,2024
20240914,2024-09-14,6,Saturday,14,37,9,September,3,2024,TRUE,FALSE,2024
20240915,2024-09-15,7,Sunday,15,37,9,September,3,2024,TRUE,FALSE,2024
20240916,2024-09-16,1,Monday,16,38,9,September,3,2024,FALSE,FALSE,2024
20240917,2024-09-17,2,Tuesday,17,38,9,September,3,2024,FALSE,FALSE,2024
20240918,2024-09-18,3,Wednesday,18,38,9,September,3,2024,FALSE,FALSE,2024
20240919,2024-09-19,4,Thursday,19,38,9,September,3,2024,FALSE,FALSE,2024
20240920,2024-09-20,5,Friday,20,38,9,September,3,2024,FALSE,FALSE,2024
20240921,2024-09-21,6,Saturday,21,38,9,September,3,2024,TRUE,FALSE,2024
20240922,2024-09-22,7,Sunday,22,38,9,September,3,2024,TRUE,FALSE,2024
20240923,2024-09-23,1,Monday,23,39,9,September,3,2024,FALSE,FALSE,2024
20240924,2024-09-24,2,Tuesday,24,39,9,September,3,2024,FALSE,FALSE,2024
20240925,2024-09-25,3,Wednesday,25,39,9,September,3,2024,FALSE,FALSE,2024
20240926,2024-09-26,4,Thursday,26,39,9,September,3,2024,FALSE,FALSE,2024
20240927,2024-09-27,5,Friday,27,39,9,September,3,2024,FALSE,FALSE,2024
20240928,2024-09-28,6,Saturday,28,39,9,September,3,2024,TRUE,FALSE,2024
20240929,2024-09-29,7,Sunday,29,39,9,September,3,2024,TRUE,FALSE,2024
20240930,2024-09-30,1,Monday,30,40,9,September,3,2024,FALSE,FALSE,2024
20241001,2024-10-01,2,Tuesday,1,40,10,October,4,2024,FALSE,FALSE,2024
20241002,2024-10-02,3,Wednesday,2,40,10,October,4,2024,FALSE,FALSE,2024
20241003,2024-10-03,4,Thursday,3,40,10,October,4,2024,FALSE,FALSE,2024
20241004,2024-10-04,5,Friday,4,40,10,October,4,2024,FALSE,FALSE,2024
20241005,2024-10-05,6,Saturday,5,40,10,October,4,2024,TRUE,FALSE,2024
20241006,2024-10-06,7,Sunday,6,40,10,October,4,2024,TRUE,FALSE,2024
20241007,2024-10-07,1,Monday,7,41,10,October,4,2024,FALSE,FALSE,2024
20241008,2024-10-08,2,Tuesday,8,41,10,October,4,2024,FALSE,FALSE,2024
20241009,2024-10-09,3,Wednesday,9,41,10,October,4,2024,FALSE,FALSE,2024
20241010,2024-10-10,4,Thursday,10,41,10,October,4,2024,FALSE,FALSE,2024
20241011,2024-10-11,5,Friday,11,41,10,October,4,2024,FALSE,FALSE,2024
20241012,2024-10-12,6,Saturday,12,41,10,October,4,2024,TRUE,FALSE,2024
20241013,2024-10-13,7,Sunday,13,41,10,October,4,2024,TRUE,FALSE,2024
20241014,2024-10-14,1,Monday,14,42,10,October,4,2024,FALSE,FALSE,2024
20241015,2024-10-15,2,Tuesday,15,42,10,October,4,2024,FALSE,FALSE,2024
20241016,2024-10-16,3,Wednesday,16,42,10,October,4,2024,FALSE,FALSE,2024
20241017,2024-10-17,4,Thursday,17,42,10,October,4,2024,FALSE,FALSE,2024
20241018,2024-10-18,5,Friday,18,42,10,October,4,2024,FALSE,FALSE,2024
20241019,2024-10-19,6,Saturday,19,42,10,October,4,2024,TRUE,FALSE,2024
20241020,2024-10-20,7,Sunday,20,42,10,October,4,2024,TRUE,FALSE,2024
20241021,2024-10-21,1,Monday,21,43,10,October,4,2024,FALSE,FALSE,2024
20241022,2024-10-22,2,Tuesday,22,43,10,October,4,2024,FALSE,FALSE,2024
20241023,2024-10-23,3,Wednesday,23,43,10,October,4,2024,FALSE,FALSE,2024
20241024,2024-10-24,4,Thursday,24,43,10,October,4,2024,FALSE,FALSE,2024
20241025,2024-10-25,5,Friday,25,43,10,October,4,2024,FALSE,FALSE,2024
20241026,2024-10-26,6,Saturday,26,43,10,October,4,2024,TRUE,FALSE,2024
20241027,2024-10-27,7,Sunday,27,43,10,October,4,2024,TRUE,FALSE,2024
20241028,2024-10-28,1,Monday,28,44,10,October,4,2024,FALSE,FALSE,2024
20241029,2024-10-29,2,Tuesday,29,44,10,October,4,2024,FALSE,FALSE,2024
20241030,2024-10-30,3,Wednesday,30,44,10,October,4,2024,FALSE,FALSE,2024
20241031,2024-10-31,4,Thursday,31,44,10,October,4,2024,FALSE,FALSE,2024
20241101,2024-11-01,5,Friday,1,44,11,November,4,2024,FALSE,FALSE,2024
20241102,2024-11-02,6,Saturday,2,44,11,November,4,2024,TRUE,FALSE,2024
20241103,2024-11-03,7,Sunday,3,44,11,November,4,2024,TRUE,FALSE,2024
20241104,2024-11-04,1,Monday,4,45,11,November,4,2024,FALSE,FALSE,2024
20241105,2024-11-05,2,Tuesday,5,45,11,November,4,2024,FALSE,FALSE,2024
20241106,2024-11-06,3,Wednesday,6,45,11,November,4,2024,FALSE,FALSE,2024
20241107,2024-11-07,4,Thursday,7,45,11,November,4,2024,FALSE,FALSE,2024
20241108,2024-11-08,5,Friday,8,45,11,November,4,2024,FALSE,FALSE,2024
20241109,2024-11-09,6,Saturday,9,45,11,November,4,2024,TRUE,FALSE,2024
20241110,2024-11-10,7,Sunday,10,45,11,November,4,2024,TRUE,FALSE,2024
20241111,2024-11-11,1,Monday,11,46,11,November,4,2024,FALSE,FALSE,2024
20241112,2024-11-12,2,Tuesday,12,46,11,November,4,2024,FALSE,FALSE,2024
20241113,2024-11-13,3,Wednesday,13,46,11,November,4,2024,FALSE,FALSE,2024
20241114,2024-11-14,4,Thursday,14,46,11,November,4,2024,FALSE,FALSE,2024
20241115,2024-11-15,5,Friday,15,46,11,November,4,2024,FALSE,FALSE,2024
20241116,2024-11-16,6,Saturday,16,46,11,November,4,2024,TRUE,FALSE,2024
20241117,2024-11-17,7,Sunday,17,46,11,November,4,2024,TRUE,FALSE,2024
20241118,2024-11-18,1,Monday,18,47,11,November,4,2024,FALSE,FALSE,2024
20241119,2024-11-19,2,Tuesday,19,47,11,November,4,2024,FALSE,FALSE,2024
20241120,2024-11-20,3,Wednesday,20,47,11,November,4,2024,FALSE,FALSE,2024
20241121,2024-11-21,4,Thursday,21,47,11,November,4,2024,FALSE,FALSE,2024
20241122,2024-11-22,5,Friday,22,47,11,November,4,2024,FALSE,FALSE,2024
20241123,2024-11-23,6,Saturday,23,47,11,November,4,2024,TRUE,FALSE,2024
20241124,2024-11-24,7,Sunday,24,47,11,November,4,2024,TRUE,FALSE,2024
20241125,2024-11-25,1,Monday,25,48,11,November,4,2024,FALSE,FALSE,2024
20241126,2024-11-26,2,Tuesday,26,48,11,November,4,2024,FALSE,FALSE,2024
20241127,2024-11-27,3,Wednesday,27,48,11,November,4,2024,FALSE,FALSE,2024
20241128,2024-11-28,4,Thursday,28,48,11,November,4,2024,FALSE,FALSE,2024
20241129,2024-11-29,5,Friday,29,48,11,November,4,2024,FALSE,FALSE,2024
20241130,2024-11-30,6,Saturday,30,48,11,November,4,2024,TRUE,FALSE,2024
20241201,2024-12-01,7,Sunday,1,48,12,December,4,2024,TRUE,FALSE,2024
20241202,2024-12-02,1,Monday,2,49,12,December,4,2024,FALSE,FALSE,2024
20241203,2024-12-03,2,Tuesday,3,49,12,December,4,2024,FALSE,FALSE,2024
20241204,2024-12-04,3,Wednesday,4,49,12,December,4,2024,FALSE,FALSE,2024
20241205,2024-12-05,4,Thursday,5,49,12,December,4,2024,FALSE,FALSE,2024
20241206,2024-12-06,5,Friday,6,49,12,December,4,2024,FALSE,FALSE,2024
20241207,2024-12-07,6,Saturday,7,49,12,December,4,2024,TRUE,FALSE,2024
20241208,2024-12-08,7,Sunday,8,49,12,December,4,2024,TRUE,FALSE,2024
20241209,2024-12-09,1,Monday,9,50,12,December,4,2024,FALSE,FALSE,2024
20241210,2024-12-10,2,Tuesday,10,50,12,December,4,2024,FALSE,FALSE,2024
20241211,2024-12-11,3,Wednesday,11,50,12,December,4,2024,FALSE,FALSE,2024
20241212,2024-12-12,4,Thursday,12,50,12,December,4,2024,FALSE,FALSE,2024
20241213,2024-12-13,5,Friday,13,50,12,December,4,2024,FALSE,FALSE,2024
20241214,2024-12-14,6,Saturday,14,50,12,December,4,2024,TRUE,FALSE,2024
20241215,2024-12-15,7,Sunday,15,50,12,December,4,2024,TRUE,FALSE,2024
20241216,2024-12-16,1,Monday,16,51,12,December,4,2024,FALSE,FALSE,2024
20241217,2024-12-17,2,Tuesday,17,51,12,December,4,2024,FALSE,FALSE,2024
20241218,2024-12-18,3,Wednesday,18,51,12,December,4,2024,FALSE,FALSE,2024
20241219,2024-12-19,4,Thursday,19,51,12,December,4,2024,FALSE,FALSE,2024
20241220,2024-12-20,5,Friday,20,51,12,December,4,2024,FALSE,FALSE,2024
20241221,2024-12-21,6,Saturday,21,51,12,December,4,2024,TRUE,FALSE,2024
20241222,2024-12-22,7,Sunday,22,51,12,December,4,2024,TRUE,FALSE,2024
20241223,2024-12-23,1,Monday,23,52,12,December,4,2024,FALSE,FALSE,2024
20241224,2024-12-24,2,Tuesday,24,52,12,December,4,2024,FALSE,FALSE,2024
20241225,2024-12-25,3,Wednesday,25,52,12,December,4,2024,FALSE,FALSE,2024
20241226,2024-12-26,4,Thursday,26,52,12,December,4,2024,FALSE,FALSE,2024
20241227,2024-12-27,5,Friday,27,52,12,December,4,2024,FALSE,FALSE,2024
20241228,2024-12-28,6,Saturday,28,52,12,December,4,2024,TRUE,FALSE,2024
20241229,2024-12-29,7,Sunday,29,52,12,December,4,2024,TRUE,FALSE,2024
20241230,2024-12-30,1,Monday,30,53,12,December,4,2024,FALSE,FALSE,2024
20241231,2024-12-31,2,Tuesday,31,53,12,December,4,2024,FALSE,FALSE,2024
20250101,2025-01-01,3,Wednesday,1,0,1,January,1,2025,FALSE,FALSE,2024
20250102,2025-01-02,4,Thursday,2,0,1,January,1,2025,FALSE,FALSE,2024
20250103,2025-01-03,5,Friday,3,0,1,January,1,2025,FALSE,FALSE,2024
20250104,2025-01-04,6,Saturday,4,0,1,January,1,2025,TRUE,FALSE,2024
20250105,2025-01-05,7,Sunday,5,0,1,January,1,2025,TRUE,FALSE,2024
20250106,2025-01-06,1,Monday,6,1,1,January,1,2025,FALSE,FALSE,2024
20250107,2025-01-07,2,Tuesday,7,1,1,January,1,2025,FALSE,FALSE,2024
20250108,2025-01-08,3,Wednesday,8,1,1,January,1,2025,FALSE,FALSE,2024
20250109,2025-01-09,4,Thursday,9,1,1,January,1,2025,FALSE,FALSE,2024
20250110,2025-01-10,5,Friday,10,1,1,January,1,2025,FALSE,FALSE,2024
20250111,2025-01-11,6,Saturday,11,1,1,January,1,2025,TRUE,FALSE,2024
20250112,2025-01-12,7,Sunday,12,1,1,January,1,2025,TRUE,FALSE,2024
20250113,2025-01-13,1,Monday,13,2,1,January,1,2025,FALSE,FALSE,2024
20250114,2025-01-14,2,Tuesday,14,2,1,January,1,2025,FALSE,FALSE,2024
20250115,2025-01-15,3,Wednesday,15,2,1,January,1,2025,FALSE,FALSE,2024
20250116,2025-01-16,4,Thursday,16,2,1,January,1,2025,FALSE,FALSE,2024
20250117,2025-01-17,5,Friday,17,2,1,January,1,2025,FALSE,FALSE,2024
20250118,2025-01-18,6,Saturday,18,2,1,January,1,2025,TRUE,FALSE,2024
20250119,2025-01-19,7,Sunday,19,2,1,January,1,2025,TRUE,FALSE,2024
20250120,2025-01-20,1,Monday,20,3,1,January,1,2025,FALSE,FALSE,2024
20250121,2025-01-21,2,Tuesday,21,3,1,January,1,2025,FALSE,FALSE,2024
20250122,2025-01-22,3,Wednesday,22,3,1,January,1,2025,FALSE,FALSE,2024
20250123,2025-01-23,4,Thursday,23,3,1,January,1,2025,FALSE,FALSE,2024
20250124,2025-01-24,5,Friday,24,3,1,January,1,2025,FALSE,FALSE,2024
20250125,2025-01-25,6,Saturday,25,3,1,January,1,2025,TRUE,FALSE,2024
20250126,2025-01-26,7,Sunday,26,3,1,January,1,2025,TRUE,FALSE,2024
20250127,2025-01-27,1,Monday,27,4,1,January,1,2025,FALSE,FALSE,2024
20250128,2025-01-28,2,Tuesday,28,4,1,January,1,2025,FALSE,FALSE,2024
20250129,2025-01-29,3,Wednesday,29,4,1,January,1,2025,FALSE,FALSE,2024
20250130,2025-01-30,4,Thursday,30,4,1,January,1,2025,FALSE,FALSE,2024
20250131,2025-01-31,5,Friday,31,4,1,January,1,2025,FALSE,FALSE,2024
20250201,2025-02-01,6,Saturday,1,4,2,February,1,2025,TRUE,FALSE,2024
20250202,2025-02-02,7,Sunday,2,4,2,February,1,2025,TRUE,FALSE,2024
20250203,2025-02-03,1,Monday,3,5,2,February,1,2025,FALSE,FALSE,2024
20250204,2025-02-04,2,Tuesday,4,5,2,February,1,2025,FALSE,FALSE,2024
20250205,2025-02-05,3,Wednesday,5,5,2,February,1,2025,FALSE,FALSE,2024
20250206,2025-02-06,4,Thursday,6,5,2,February,1,2025,FALSE,FALSE,2024
20250207,2025-02-07,5,Friday,7,5,2,February,1,2025,FALSE,FALSE,2024
20250208,2025-02-08,6,Saturday,8,5,2,February,1,2025,TRUE,FALSE,2024
20250209,2025-02-09,7,Sunday,9,5,2,February,1,2025,TRUE,FALSE,2024
20250210,2025-02-10,1,Monday,10,6,2,February,1,2025,FALSE,FALSE,2024
20250211,2025-02-11,2,Tuesday,11,6,2,February,1,2025,FALSE,FALSE,2024
20250212,2025-02-12,3,Wednesday,12,6,2,February,1,2025,FALSE,FALSE,2024
20250213,2025-02-13,4,Thursday,13,6,2,February,1,2025,FALSE,FALSE,2024
20250214,2025-02-14,5,Friday,14,6,2,February,1,2025,FALSE,FALSE,2024
20250215,2025-02-15,6,Saturday,15,6,2,February,1,2025,TRUE,FALSE,2024
20250216,2025-02-16,7,Sunday,16,6,2,February,1,2025,TRUE,FALSE,2024
20250217,2025-02-17,1,Monday,17,7,2,February,1,2025,FALSE,FALSE,2024
20250218,2025-02-18,2,Tuesday,18,7,2,February,1,2025,FALSE,FALSE,2024
20250219,2025-02-19,3,Wednesday,19,7,2,February,1,2025,FALSE,FALSE,2024
20250220,2025-02-20,4,Thursday,20,7,2,February,1,2025,FALSE,FALSE,2024
20250221,2025-02-21,5,Friday,21,7,2,February,1,2025,FALSE,FALSE,2024
20250222,2025-02-22,6,Saturday,22,7,2,February,1,2025,TRUE,FALSE,2024
20250223,2025-02-23,7,Sunday,23,7,2,February,1,2025,TRUE,FALSE,2024
20250224,2025-02-24,1,Monday,24,8,2,February,1,2025,FALSE,FALSE,2024
20250225,2025-02-25,2,Tuesday,25,8,2,February,1,2025,FALSE,FALSE,2024
20250226,2025-02-26,3,Wednesday,26,8,2,February,1,2025,FALSE,FALSE,2024
20250227,2025-02-27,4,Thursday,27,8,2,February,1,2025,FALSE,FALSE,2024
20250228,2025-02-28,5,Friday,28,8,2,February,1,2025,FALSE,FALSE,2024
20250301,2025-03-01,6,Saturday,1,8,3,March,1,2025,TRUE,FALSE,2024
20250302,2025-03-02,7,Sunday,2,8,3,March,1,2025,TRUE,FALSE,2024
20250303,2025-03-03,1,Monday,3,9,3,March,1,2025,FALSE,FALSE,2024
20250304,2025-03-04,2,Tuesday,4,9,3,March,1,2025,FALSE,FALSE,2024
20250305,2025-03-05,3,Wednesday,5,9,3,March,1,2025,FALSE,FALSE,2024
20250306,2025-03-06,4,Thursday,6,9,3,March,1,2025,FALSE,FALSE,2024
20250307,2025-03-07,5,Friday,7,9,3,March,1,2025,FALSE,FALSE,2024
20250308,2025-03-08,6,Saturday,8,9,3,March,1,2025,TRUE,FALSE,2024
20250309,2025-03-09,7,Sunday,9,9,3,March,1,2025,TRUE,FALSE,2024
20250310,2025-03-10,1,Monday,10,10,3,March,1,2025,FALSE,FALSE,2024
20250311,2025-03-11,2,Tuesday,11,10,3,March,1,2025,FALSE,FALSE,2024
20250312,2025-03-12,3,Wednesday,12,10,3,March,1,2025,FALSE,FALSE,2024
20250313,2025-03-13,4,Thursday,13,10,3,March,1,2025,FALSE,FALSE,2024
20250314,2025-03-14,5,Friday,14,10,3,March,1,2025,FALSE,FALSE,2024
20250315,2025-03-15,6,Saturday,15,10,3,March,1,2025,TRUE,FALSE,2024
20250316,2025-03-16,7,Sunday,16,10,3,March,1,2025,TRUE,FALSE,2024
20250317,2025-03-17,1,Monday,17,11,3,March,1,2025,FALSE,FALSE,2024
20250318,2025-03-18,2,Tuesday,18,11,3,March,1,2025,FALSE,FALSE,2024
20250319,2025-03-19,3,Wednesday,19,11,3,March,1,2025,FALSE,FALSE,2024
20250320,2025-03-20,4,Thursday,20,11,3,March,1,2025,FALSE,FALSE,2024
20250321,2025-03-21,5,Friday,21,11,3,March,1,2025,FALSE,FALSE,2024
20250322,2025-03-22,6,Saturday,22,11,3,March,1,2025,TRUE,FALSE,2024
20250323,2025-03-23,7,Sunday,23,11,3,March,1,2025,TRUE,FALSE,2024
20250324,2025-03-24,1,Monday,24,12,3,March,1,2025,FALSE,FALSE,2024
20250325,2025-03-25,2,Tuesday,25,12,3,March,1,2025,FALSE,FALSE,2024
20250326,2025-03-26,3,Wednesday,26,12,3,March,1,2025,FALSE,FALSE,2024
20250327,2025-03-27,4,Thursday,27,12,3,March,1,2025,FALSE,FALSE,2024
20250328,2025-03-28,5,Friday,28,12,3,March,1,2025,FALSE,FALSE,2024
20250329,2025-03-29,6,Saturday,29,12,3,March,1,2025,TRUE,FALSE,2024
20250330,2025-03-30,7,Sunday,30,12,3,March,1,2025,TRUE,FALSE,2024
20250331,2025-03-31,1,Monday,31,13,3,March,1,2025,FALSE,FALSE,2024
